no;y2;y1;x1;x2;z1
1;-13.8650813;-9.598045478;-1.207065749;-1.20533342;0.023391909
2;3.745064963;0.198127035;0.277429242;0.30146674;-0.204901662
3;-3.985170869;-3.556643411;1.084441177;-1.539145224;-1.0494016
4;24.80269063;21.24753011;-2.345697703;0.635370723;0.016889102
5;5.156211066;0.116742596;0.429124689;0.702951775;-0.3063429
6;6.443776273;6.83937004;0.506055892;-1.905882865;0.161901674
7;-1.626991165;-0.385701434;-0.57473996;0.93892145;-0.517414727
8;-2.786906839;-3.154922556;-0.546631856;-0.224492105;0.393348239
9;5.93058088;6.571267015;-0.564451999;-0.673816775;1.928292791
10;3.110818551;-0.283404643;-0.890037829;0.445787445;-0.078951378
11;4.554212542;4.567451869;-0.4771927;1.280617107;1.276767769
12;11.54486295;3.653399265;-0.998386445;1.565130134;-0.125089853
13;5.134533554;3.309598572;-0.776253895;-1.200546036;-0.334651567
14;-4.200464995;-7.484933895;0.064458817;-0.437694966;-1.614114352
15;-8.496151856;-5.352460867;0.959494059;0.146381482;-1.248083375
16;17.21442448;9.714169231;-0.110285494;0.066019076;1.728192949
17;0.484822786;1.289945562;-0.511009506;-0.445036015;2.298294187
18;-18.0472888;-15.53022829;-0.911195417;-2.342112386;-0.391329303
19;-6.612913753;-5.33370214;-0.83717168;-0.278382368;-0.319489362
20;-0.755399075;-4.243223005;2.415835178;-1.181803632;-1.298472671
21;9.629697202;3.331295612;0.13408822;0.033125273;0.842409758
22;-2.865156402;-3.105744859;-0.490685897;-0.837717012;0.063796545
23;-4.125718709;-3.052839395;-0.440547872;-0.11761108;-0.371349146
24;5.596480975;3.294048885;0.459589441;-0.741522571;-1.317253356
25;2.010366174;4.166276621;-0.693720247;-0.408346969;0.986600646
26;1.997823558;2.846359587;-1.44820491;-0.377770761;0.140683592
27;3.545570079;1.278165693;0.574755721;1.328366712;0.472044752
28;3.70330272;0.291129414;-1.023655723;0.716436307;0.024457073
29;5.737201965;3.79268053;-0.0151383;-0.232289188;1.123037627
30;-6.845743238;-3.619237816;-0.935948601;-1.2262269;-0.12998703
31;11.12792848;2.810081686;1.102297546;1.047538091;0.443249917
32;12.16529534;10.28864869;-0.475593079;-1.436407187;0.37064467
33;-11.18368231;-8.481182218;-0.709440038;-1.182468928;-0.533726259
34;-6.239706873;-3.029139205;-0.501258061;-0.776204836;-0.584137482
35;-0.864886936;0.266418564;-1.629093469;-0.972313509;-1.867318594
36;-0.558772586;1.104351797;-1.167619262;-0.903657561;1.321361343
37;17.88709799;22.29152764;-2.180039649;1.287203946;-1.103447436
38;-0.554235217;-2.228053772;-1.340993192;-0.106187601;-1.091259157
39;3.216049827;-2.319537917;-0.294293859;-0.715870954;-0.290966486
40;-11.37405672;-5.120107805;-0.46589754;0.671722196;-0.560403377
41;0.13103835;4.200438146;1.449496265;0.197633626;0.902981342
42;8.635267711;8.304561472;-1.068642724;-1.220096725;0.081930359
43;-5.439503749;-2.875238244;-0.855364634;-0.56096512;0.64643317
44;0.625316208;-1.993690956;-0.280623002;0.533732634;-0.608823188
45;1.008110516;2.10827521;-0.994340076;1.950315465;-1.618935266
46;0.732533603;0.781282283;-0.968514318;1.58194323;0.950076005
47;-2.969062119;-1.33347896;-1.107318193;0.837787522;-0.898598304
48;1.570816085;-0.099542912;-1.251985886;-0.013069663;1.117450821
49;-4.500100243;-1.817900377;-0.523828119;-1.725795962;0.291878685
50;0.697497047;-1.330415871;-0.496849957;-0.730853574;-1.31620322
51;10.05947616;8.725609231;-1.806031257;-0.215413865;0.039857339
52;1.540792798;2.005036728;-0.582075925;0.490206669;-0.47351634
53;-0.549909567;1.296981044;-1.108889624;0.059393424;-0.493323427
54;2.78682337;2.142944955;-1.014962009;0.058312053;-1.077534703
55;7.990174815;2.679016119;-0.162309524;1.838363107;-0.180676484
56;7.014994254;3.10248794;0.563055819;0.387650899;0.93792052
57;4.071523353;1.063460642;1.647817473;-0.280550725;-0.090924821
58;2.332555529;0.144043656;-0.773353424;-0.428517738;-0.900676442
59;13.58487025;3.53644841;1.605909629;0.095324936;-0.329192733
60;-7.362242869;-3.277220909;-1.157808548;-0.813331409;-0.409320459
61;11.4518497;3.998483304;0.656588464;1.368190077;-0.056906187
62;10.02218434;2.699167982;2.548991071;-0.28753603;-1.276029941
63;6.215076031;2.878959685;-0.03476039;-0.528552423;-0.027592749
64;2.436306248;0.710444424;-0.66963358;-0.873012923;-0.957486126
65;3.295711349;3.455922399;-0.007604756;0.935893072;1.068559627
66;5.297470242;2.924662761;1.777084448;-1.277267323;-0.167597651
67;3.484249285;0.495142239;-1.138607737;-0.468739839;-0.413771247
68;-4.921127646;0.068833215;1.367827179;0.312516273;-1.547430124
69;-3.934188133;3.618092766;1.329564791;-0.108322302;1.507856789
70;3.536533415;1.744348481;0.336472797;0.250790417;0.27500363
71;0.586901936;3.558778953;0.006892838;-1.316193394;0.276734813
72;-9.800359846;-4.29395642;-0.455468738;-0.430075449;-0.60152742
73;-1.058793573;-3.150749517;-0.366523933;-1.704109698;-0.087501573
74;-1.233398121;0.688850543;0.648286568;-0.842137365;-0.813381129
75;12.68500044;3.776188703;2.070270861;1.148250595;0.938617651
76;0.441187857;-0.378903171;-0.153398412;0.252831536;0.202334387
77;6.85871254;7.289405003;-1.390700947;0.085287186;1.209977543
78;-11.56938047;-7.299491292;-0.723581777;-0.933626131;0.737732493
79;-1.888576084;0.21728692;0.258261762;-0.556819606;0.464108951
80;-0.364587625;-2.217922312;-0.317059115;-1.016370319;-1.611399383
81;-4.9692753;-3.037592207;-0.177789958;0.05352525;1.095372377
82;4.107930295;-1.232572108;-0.169994077;0.765133606;-0.982002913
83;-1.912377437;1.394654031;-1.372301886;0.299194815;0.041627933
84;5.516500746;7.223164377;-0.17378717;-0.617615748;2.362271849
85;16.12746303;7.337908321;0.850232257;0.552787314;1.810011331
86;15.93207497;12.73104104;0.697608712;0.387908499;3.294993917
87;14.17914114;3.027862582;0.549997351;0.843210942;-0.428628867
88;12.15681692;5.683092722;-0.402731975;-0.440627586;0.294477556
89;8.542420741;5.071604957;-0.19159377;-1.179365373;-1.513393139
90;0.115620299;-2.561877911;-1.19452788;-0.084569065;-1.373953678
91;-3.078978973;1.491648412;-0.053158819;0.302777695;0.109442038
92;20.16789436;8.695395478;0.255196001;1.559093731;0.348622208
93;9.89665967;8.84612764;1.705964007;-0.069662527;1.668199665
94;13.19897205;7.874326878;1.001513252;0.427039414;0.846806965
95;9.997344827;6.137084224;-0.495583443;-0.083263198;1.340435118
96;13.44595773;4.922953011;0.355550297;2.156397741;-0.143393303
97;8.782167924;4.209570653;-1.134608044;1.337968059;1.843093475
98;4.655730693;0.123269839;0.878203627;-0.232304447;-0.671299822
99;-0.223782879;-0.504550555;0.972916753;-0.12740409;-1.85734381
100;12.56147982;6.806590109;2.121117105;-0.021685404;1.993043083
101;11.73220517;2.901350298;0.414523534;0.113254084;-2.170653062
102;0.766379638;-0.392999089;-0.474718474;-0.56509541;0.849965278
103;-1.131118748;-3.228227394;0.065993494;0.080700387;-1.726527249
104;2.787788164;2.304717261;-0.502477782;-0.695771407;1.837850297
105;-15.1969724;-9.15216477;-0.825998587;-1.096202133;-0.626162483
106;-3.981492423;-2.242302546;0.16698928;0.804440558;-1.261041523
107;-3.665239815;-1.739256349;-0.896264626;0.65664412;0.374795898
108;10.57983339;6.074965846;0.168185388;-0.568030677;-0.484140326
109;8.461989456;3.027738853;0.354968261;1.272785841;-0.403729719
110;-0.049869544;0.333607927;-0.052105117;-0.192543916;-0.531223647
111;-3.120311522;-2.813237193;-0.195934619;-0.283665219;0.13370985
112;7.058578438;7.543621769;-0.649069752;-0.953671713;0.587949118
113;8.453704454;7.271038216;-1.109767231;-0.024350646;-0.968415916
114;-2.169005095;-2.584952499;0.849274203;-0.136985965;-1.361024807
115;2.811718348;3.760265664;0.022362526;0.067518391;1.65633488
116;0.807064105;0.210314524;0.831140617;0.44516836;-1.382133383
117;3.794206643;-3.441550733;-1.244287851;0.906600388;1.902917716
118;-0.257624929;0.047546652;0.169026414;0.327410566;-0.50121362
119;9.388651347;4.896352819;0.673166307;0.992561627;0.244210494
120;10.61914664;5.649682067;-0.026276376;1.065400574;-0.222450338
121;14.33475434;11.33007099;-0.191392169;-2.930482055;0.459027862
122;4.40219793;3.656934613;-0.781906647;-0.362773743;0.147962777
123;-7.282988759;1.975621644;2.058161988;0.569932538;-1.094023612
124;5.795576477;3.55930083;0.750501453;-1.119635472;0.314940933
125;11.55792809;1.726753383;1.824208302;-0.960650359;-0.354794711
126;-1.321972631;1.369156383;0.080059641;0.273736472;0.551657787
127;-5.867461691;-4.848747686;-0.631409299;-0.441423289;-0.556066589
128;-13.54396051;-11.90121866;-1.51328812;-1.731487818;0.070906637
129;4.569719406;3.301439609;-0.636099831;0.905854844;2.082021073
130;2.232453597;0.692719033;0.226301532;-0.840839642;-0.38908142
131;4.551347913;1.539869179;1.013690347;0.386347855;-0.680585057
132;4.294376159;3.745401516;0.252750135;0.412430114;0.188623371
133;-0.230842676;1.644434574;-1.171948313;1.521268643;-0.138547638
134;3.848875575;-0.308570355;0.668714329;0.196564235;-0.918440111
135;2.222476203;7.848486274;-1.650100935;0.665610353;-0.691505062
136;4.331776551;5.166029559;-0.365852248;1.140591092;1.493891996
137;10.67970804;9.172469666;-0.316118329;-0.406381128;1.26471333
138;5.376899202;8.703790769;-1.948246047;-1.655561354;0.128234195
139;0.613796609;-0.633484339;0.920057522;0.142930036;-0.635078256
140;1.579894162;3.592828424;-0.622871595;1.325914308;1.089024658
141;0.998112706;1.915724956;-0.33403665;-1.406277661;0.123497379
142;15.30982836;5.085784513;1.395147893;1.012131615;-0.198310094
143;12.93554663;5.136059961;0.636674411;-0.060130843;0.830245686
144;10.8222033;6.053001772;-0.108431697;0.099481424;0.748600219
145;-12.14017074;-5.075688014;0.513762778;-0.349221798;0.08900071
146;1.512220285;3.127141417;0.399271807;1.03685328;0.726491932
147;14.69855656;4.165164023;1.662856447;1.424156479;-0.013744619
148;0.42219819;0.840858031;0.275893404;1.570848791;-0.472936805
149;8.032963421;1.467830235;0.506272623;-0.967400733;1.655444217
150;1.248744684;-3.237650475;0.347551975;0.759285844;-1.915058632
151;3.674725929;1.512289611;-0.377237647;-0.376189654;0.039878525
152;-0.409039411;-2.452131847;0.097619463;-0.983409414;-0.5533001
153;0.154204212;-0.314460227;1.638744645;0.389895101;-0.472163294
154;0.461502619;1.443365472;-0.875592474;-0.017950714;0.022598096
155;5.280150901;2.468172008;0.121759999;0.791724605;-0.974080283
156;12.06904349;4.090655306;1.362130661;1.792397876;0.638749353
157;8.788048772;2.226614337;-0.234621087;1.036716885;-0.871868603
158;4.04128135;2.957050096;-1.053382808;-0.695685616;1.291468323
159;4.472700722;5.604814577;-0.869783606;0.139622665;-0.523680031
160;6.312955781;9.266636227;-0.39012703;1.413245494;1.177025752
161;2.741970248;5.762233794;-0.847350073;1.174437596;0.305876351
162;-3.253914684;-4.488308873;-0.260639392;-1.584781583;-2.698630582
163;-0.521057914;3.999457957;-0.414419706;0.946429921;1.488391346
164;2.862468544;1.707259885;-0.183050798;-0.340514085;1.570149609
165;-1.050559458;2.656862129;0.407056098;-0.625362691;-0.418940393
166;9.894667505;8.455926636;0.624633128;-1.101202229;1.201941519
167;17.65545087;4.601459404;1.678205744;-0.31179546;0.666832429
168;14.50936572;6.36151873;-0.068693654;0.688656505;0.866259901
169;-10.42629836;-4.297569232;-0.320839913;1.435271878;-1.605311068
170;-4.431232966;-2.513661542;1.471005717;0.138907098;-1.450892445
171;5.055698063;1.128237487;1.704329398;-0.073052386;-1.36198766
172;0.640755653;-0.415406079;0.043244038;-0.202335938;0.9809778
173;-2.327301936;2.923981353;-0.332657319;0.953799336;0.451055345
174;-14.52227301;-11.37923698;-1.822235418;-1.081193447;1.773041152
175;10.60699628;0.700084256;1.411262399;0.250018705;-1.19490671
176;-5.497728612;-2.739507612;-0.837582434;1.021621981;-1.030568699
177;1.188822198;-0.619727631;-1.123762794;1.061851511;0.62911505
178;-7.086752936;-0.085137028;3.043765886;0.41707021;-1.171323816
179;-3.661390336;-2.351193851;0.235021308;-1.162366151;-0.188472219
180;6.970885659;3.900268002;-0.03325861;-0.82108473;-0.171984517
181;9.348940475;13.41644137;-2.732219523;-0.720488258;0.880986845
182;6.73998301;6.435499939;-0.099790588;-1.443271969;-0.829724841
183;-2.767472496;3.22243847;0.976031735;0.040020334;0.21917449
184;9.310812828;4.632031665;0.413868915;1.222946684;0.807781973
185;21.11219987;21.86789968;0.912322162;-2.446693917;0.346796858
186;11.54598887;6.398530041;1.983732201;0.758387892;1.468773495
187;5.399767004;4.232241601;1.169108514;-0.202661654;0.020871566
188;-2.244012108;-2.864772896;-0.508737015;-0.769133847;-0.286221552
189;3.187502269;-0.161534202;0.704180178;0.770008811;0.192780429
190;3.962890777;0.623708238;-0.198416274;0.648385159;-0.969788569
191;5.873762227;5.12075374;-0.538070789;0.096217379;0.448841822
192;-4.361188572;0.201581216;-2.855758655;-0.919643353;1.629646191
193;-0.250570528;2.921959897;-0.789646852;-0.704861777;1.551504691
194;-3.459495232;-4.299551339;0.487814635;-1.617234062;-1.093496872
195;-13.52729325;5.021361821;2.16803254;1.880893908;-0.816115496
196;-6.436048505;-0.718893634;0.500694614;-0.155594361;-0.366662751
197;-0.4311849;-1.892299322;0.620210204;-0.754513749;0.125990775
198;-8.503454763;-1.277576029;-0.96590321;-2.160952444;0.295750655
199;2.347303718;-1.137296704;0.162654708;-0.42946168;-1.768343344
200;1.176202021;3.250526701;-2.078237542;-0.549127905;-0.313542151
201;1.854743098;-0.41985251;0.485226821;-1.402315883;0.797717587
202;20.07483646;6.092502012;0.696768779;2.383971823;0.990645713
203;2.490290012;5.254198416;0.185513916;0.872944351;1.637902059
204;-17.64641822;-12.84487101;0.700733516;-1.535665887;0.449356616
205;-2.698918533;0.325271312;0.311681029;1.133975251;-0.785803773
206;1.600087448;4.07910542;0.760462362;1.044840161;0.102345874
207;3.622266183;1.428369969;1.842463626;0.589830689;0.205321245
208;4.925134498;4.26904023;1.112362841;0.399103735;0.546826474
209;3.029537478;2.60788686;0.032663958;0.144949185;0.930832929
210;-4.849269558;-3.446388544;-1.114448965;0.619161218;0.627096526
211;-9.462788526;-8.413432607;0.418057822;-1.032619106;-1.827997231
212;2.800050398;-2.729247287;-0.400235237;-0.649356138;1.029841556
213;11.57679855;5.750305767;1.493493103;-1.002007258;1.233606232
214;6.433269403;2.272506818;-1.60708094;-0.16588096;1.198498228
215;0.73674428;0.965750747;-0.415751788;0.146656295;-1.078259111
216;6.744626632;-1.235924274;0.422008373;0.602056524;-0.539395418
217;4.136925317;1.605026443;-0.151736537;0.529055525;0.037130572
218;5.397542138;-1.268485226;-0.606151115;1.445695841;-1.143038387
219;4.922744453;-0.271234112;-0.304721069;0.597309287;-1.442391617
220;4.690603368;5.536444743;0.6295361;1.256316921;1.563883118
221;0.59204294;1.997470876;0.89517198;1.097442043;-0.612412952
222;4.104894244;4.255185091;0.660212632;-0.588460413;0.569850434
223;13.43475456;4.603987816;2.27348352;0.751301282;0.669587979
224;6.538252801;4.975960591;1.173497573;0.453514341;-0.192415508
225;4.594493823;2.049800642;0.287709728;0.119178234;-0.026014105
226;-4.957606631;-4.792957577;-0.659770094;-0.903387708;-2.379582393
227;16.79681696;4.706618304;2.919140131;0.587982457;0.311823995
228;-1.203329962;1.150813281;0.6774155;0.063728748;1.251970785
229;3.5918127;2.975671905;-0.684320344;-0.354835855;-0.186971383
230;3.115828843;2.294005895;0.186492083;0.922495744;0.234051297
231;-1.607211375;-0.414170675;-0.3243933;0.992325369;-0.928969943
232;6.926156629;4.22719095;-0.274704218;0.873563902;1.097289634
233;-5.328312489;-3.885342359;-0.933503341;-2.611043461;0.623218745
234;-7.87932143;-9.197517375;0.116845345;-0.897316833;-0.90547594
235;5.118804927;-0.05667426;0.319160239;0.937235319;0.156443152
236;-5.074054162;-4.154924563;-1.077542123;-0.745336335;-0.463911655
237;-8.37675788;-4.640744363;-3.233152133;0.40853963;1.078428481
238;1.806898369;0.96399231;-0.254874653;0.182912673;-0.87601193
239;4.08620041;0.748580308;0.02951783;1.107402291;-0.032538737
240;-7.273241426;-4.990712054;0.594273774;-0.71037167;0.616001517
241;5.432298536;4.818282505;0.059135168;-0.057802369;0.65804069
242;-0.45281138;-2.660407365;0.413398895;0.344923417;-0.640187554
243;6.329988604;2.30687247;-1.097772175;1.272654447;1.561353701
244;0.756492009;-0.932490939;0.711175257;-0.177380835;1.311422548
245;7.665416347;6.115815758;0.71888873;0.290405997;1.749292845
246;-5.570317145;-3.338133979;0.251651069;-1.342848206;-1.3868287
247;6.60148859;2.839862364;1.357274436;0.63305003;-0.221259087
248;1.44682217;0.215202284;0.404468471;0.206819706;-0.33463093
249;-6.047878354;-2.352762849;0.26436427;0.639307343;-1.092680075
250;7.113607685;2.084653512;0.268043904;-0.410670565;-1.679002384
251;15.36799698;5.227658425;0.436930577;1.685356621;-0.246249438
252;14.37640422;4.148413564;1.060123905;-0.139826104;-0.978678761
253;3.712777371;1.618499352;0.452190397;0.121138749;-1.038227391
254;8.770046776;3.418148281;0.663198616;-0.105679176;0.054222164
255;13.04976141;8.491230402;-1.136373554;0.846304891;-0.901378447
256;-5.251821747;-5.588119888;-0.370497517;-0.768449024;-1.557917598
257;-1.507196945;3.335194236;1.47696959;0.201462405;-0.063280225
258;7.511803476;5.138524426;-1.223903751;0.574569598;-0.414423378
259;-3.229266556;-2.596987649;0.258068387;-1.245239888;1.181930191
260;2.057322935;0.222734263;0.405002805;0.227718808;-0.803254888
261;6.27006999;-0.060758688;0.975803322;-0.593802062;-0.497557845
262;14.19551369;2.410741583;-0.348876737;1.428810786;0.82765274
263;5.436731229;0.718675531;0.158625439;0.704898069;-1.392932137
264;14.44637813;11.50571047;-1.763255067;-1.725133909;1.121186693
265;-3.879051822;-0.386122388;0.338596047;0.919284782;0.552890012
266;2.491664593;0.661255634;-0.66656503;0.217740927;-0.123272647
267;-3.22421662;-1.74265033;-0.238646624;-0.561324762;1.110857668
268;-1.793018714;-2.096803551;-1.187765282;-0.355585628;0.962573343
269;-4.81581949;-4.772963324;0.384935322;-1.272142167;0.083689059
270;-2.488199648;0.209524017;0.666579516;0.386196852;0.474882901
271;0.992304819;-1.27447611;-0.304613889;-1.638523138;-0.182823393
272;17.73087303;-1.073195503;1.825011064;-0.140262777;-1.127383913
273;5.149737669;0.525637201;0.670559371;0.455175608;-1.101249269
274;14.2747771;3.135248547;0.948632573;0.083383362;0.780990301
275;27.76217783;6.372871072;2.049403002;0.859173322;1.088474704
276;5.429922148;2.327781678;-0.651113609;0.050548105;0.857472254
277;-5.329855865;3.007081752;0.808619273;2.308944104;-1.097913667
278;10.74651943;3.174036019;0.986580614;-0.859463175;-0.082386433
279;5.369752378;1.65376743;-0.006170796;1.539116169;-0.474497862
280;-2.8277148;1.170044059;0.319052358;-1.614466177;0.26001969
281;0.433275025;-1.856783021;-1.011821903;-1.077316458;-1.058808922
282;3.547779453;6.444769495;0.470167548;-0.901360547;0.955913577
283;-5.243924176;-5.618461003;-0.700970332;-1.521112361;1.333008754
284;13.95323253;4.089506306;0.813682863;1.484693845;0.432084386
285;-16.11066397;-5.634740184;-0.811430784;1.03370332;-1.072503028
286;19.11320448;7.839033807;0.319397487;1.371266498;0.754486276
287;-12.84274704;-8.232224161;-0.846522653;-0.608921441;-0.416239029
288;2.011044021;4.158990481;-0.245763179;0.085597093;1.380168554
289;17.90893032;8.183323056;-1.552859011;1.118507491;-0.157154557
290;-5.151118025;-5.518579866;0.128434033;1.060529788;-1.645651531
291;4.54425006;2.139846992;0.985443389;0.560136774;0.420722321
292;2.391888163;3.027688301;0.183247523;0.158147541;0.496877817
293;1.314541578;0.877846322;-1.766229213;-1.164173222;0.325244979
294;-9.413983766;-5.885199684;-0.620533697;0.309686196;-1.180683487
295;-1.23563061;-2.479916814;1.656043037;-0.178493815;-2.643827133
296;4.726346119;2.054398703;1.809805386;-0.654524572;-0.800953439
297;15.5677302;2.657372526;-1.175036768;1.576157264;-0.621503679
298;10.086141;4.354187927;-0.366703259;-0.701403737;0.596657119
299;0.098082111;-1.578442563;0.353625449;0.242876389;-0.742351202
300;1.881861385;-1.080823133;0.319156221;0.516035756;-1.833370234
301;11.71426465;5.434776262;-0.579956989;1.051154762;-0.430681648
302;10.85323493;5.98130858;-0.953278702;0.367304396;0.485682445
303;12.32321362;3.788592065;-0.179428587;1.973215315;0.151565365
304;11.88055026;8.503583481;1.009808215;0.445136748;1.269788158
305;8.327713461;3.040986128;0.023626615;-0.488480168;0.705788376
306;8.727059594;4.561361937;-0.64902822;0.102511536;0.942185822
307;-2.692728905;-1.710996183;-0.504374222;0.669129246;-0.161072884
308;0.705812923;4.158826792;1.614391495;-2.190508808;0.182154456
309;-2.050052538;1.381072421;-0.446959811;-0.095564051;1.256718567
310;-5.762660541;-1.679501675;0.763176761;0.041525709;0.418269126
311;2.682869595;3.960880841;1.471718686;-0.238600874;1.189212966
312;4.93953652;3.490188378;0.443664904;0.051368536;0.511996469
313;-8.364907621;-7.331809739;-0.42172187;-1.99180636;-1.605207101
314;9.840073312;4.360072239;-0.040001626;0.346236285;-0.044734758
315;6.998880734;0.012540641;-0.492279968;0.003029343;-1.28140698
316;3.779279813;1.868815388;1.227717117;-0.492428501;0.638952141
317;-22.90445625;-21.2560928;-0.149553565;-2.864418723;-1.460782829
318;6.767889724;2.905153257;1.549983384;-0.411212737;-0.880840523
319;-3.573423305;-2.656401416;-0.561612535;0.118208538;0.285341943
320;4.184799856;3.475424606;-0.647117251;-0.071160768;0.63063545
321;-0.652679497;-1.298584495;0.143132159;-0.608697429;-0.744724032
322;-0.976557115;0.008013354;0.024188648;0.321645288;-0.71352971
323;-11.75531672;-7.94407337;-0.504451525;-0.910489532;-0.682039417
324;6.02622126;4.402788265;-1.58139681;0.699281047;-0.227035517
325;2.67193735;2.347547125;0.030066421;0.825732375;0.44663052
326;-5.513864546;-3.364082659;-0.716576699;0.957543412;-0.002862621
327;6.827002433;2.683242515;1.082610955;0.79884627;-0.187799832
328;-0.1242796;0.321835328;-0.952685455;-0.35212721;-0.465548238
329;2.249447279;6.133725878;1.126482729;-0.024946828;0.668224367
330;0.05577183;0.97404448;-0.649043017;1.245073372;0.781433774
331;1.442992237;5.537108882;0.292470078;0.610941959;1.17892112
332;3.323666772;0.340329124;0.898702724;0.346883033;-1.153527084
333;9.994777891;4.5709682;-0.518742357;1.279179711;-0.015279335
334;4.760937276;5.31513748;0.554438552;-0.626845842;-0.378128904
335;6.382582381;2.361567422;-0.087973671;0.025263272;-0.652065849
336;-3.202114301;-2.123282281;-1.135212929;1.301509003;-0.662715779
337;-2.104311777;-1.572973543;-0.270079611;-0.249789695;-0.217130538
338;20.70174369;6.591188862;1.619789878;0.134998345;1.069215269
339;1.673802281;0.178868167;-0.214131174;-0.146673231;-0.008370443
340;13.8917453;3.425447677;-0.817782463;1.233930594;1.561445867
341;-5.198095768;-4.463398617;-0.054022924;0.135425982;-1.289597978
342;1.773731951;-0.876972552;0.33014161;0.067240292;-1.76493909
343;19.43660623;7.512593451;0.955324615;-0.681222109;1.420577281
344;-0.381994831;2.810670597;1.143959878;-0.41846294;0.85719463
345;-6.637904789;-1.960968758;0.100522398;-1.569214209;-0.819986877
346;-6.972534744;0.713168902;1.164575246;0.409586541;0.436486603
347;7.14958903;0.910857133;-0.764259948;0.847803193;-0.267393447
348;-6.48320624;-6.674080484;-2.344513405;-1.33738431;-1.413677927
349;5.561028976;0.134523349;-0.471683426;0.401354729;0.132516116
350;8.152953687;5.459385978;-0.51585549;0.328935897;1.977023459
351;-23.52512734;-19.29261531;-2.316036152;0.195321;0.330468398
352;-3.634263274;0.571373997;0.562471757;0.07146261;-0.524979973
353;5.966494056;5.610589662;-0.783775139;1.634933261;-0.458473887
354;3.831538834;1.078106994;-0.226053986;0.333007078;-0.058478957
355;5.758785879;4.035039669;-1.587102988;1.401812623;0.533353168
356;6.239167745;0.879166949;0.547524202;0.451017021;-0.09431837
357;-5.864504678;-0.244067145;1.891227017;0.487323596;-2.230015193
358;-7.123404856;-5.605195668;-0.87807711;-0.539737455;-2.959807134
359;11.62826693;4.076655831;-0.112558911;2.690907416;0.200430402
360;11.60684155;4.353551942;1.948713065;-0.059816076;-0.809990637
361;0.446313328;-3.010643596;0.933816332;-0.497475868;-1.009038176
362;4.163568347;4.412583486;1.913059422;0.38241715;-0.235725058
363;7.669860432;5.023805037;-0.005234058;0.409180178;0.483206962
364;1.884750739;6.705237803;-0.152260049;0.723745923;2.403373526
365;8.209952767;5.201395533;-0.509631657;-0.914924574;-0.646633206
366;-0.423121087;6.325350299;1.434573703;-0.137185092;1.777904777
367;7.642297817;5.441732785;-1.285838532;1.574293278;0.462701832
368;-2.180500812;-2.133028422;0.307314215;-0.482917703;0.908861744
369;1.860696192;-0.284000326;-0.046318533;-0.356190513;0.360810084
370;4.353831774;4.269037777;2.2518418;0.610222274;-0.071528321
371;-4.774953006;-4.47703677;-0.608033729;-0.606035147;-0.22728477
372;5.339610961;0.055161689;-1.50928817;1.134512003;0.896264045
373;1.506936124;1.653134488;0.23263177;0.422468289;-1.752633922
374;0.599494411;1.250623507;-0.039648696;0.089549711;1.498546634
375;2.467364094;3.94578825;-0.839125068;-1.591713994;0.058602485
376;0.328945253;1.015204759;0.132291088;-0.347167014;-0.499911446
377;9.20798937;5.872368185;-0.275524747;2.034295984;0.662166353
378;-0.184559691;2.584662919;-0.678758641;-0.285905156;0.281817084
379;3.218557788;4.322856497;0.500835932;0.654378783;0.17961236
380;-4.799510271;-3.450950846;-0.331662312;-0.924747617;-2.41117674
381;25.36315318;26.73353541;-1.834980251;-1.590703039;0.301834719
382;-9.947182366;-17.14616038;-2.651741248;0.70939847;1.08691809
383;8.081941321;0.295703919;-0.580582172;1.449326796;-1.103459975
384;-7.504940354;-3.897722027;1.454186871;-1.544380309;0.958266024
385;1.880851132;1.981889684;0.83812938;0.846069248;0.272464828
386;10.84208586;2.545230247;1.21505358;0.330932471;-0.172823373
387;-4.057430139;-1.975342393;0.982505443;-0.366187311;-0.569263682
388;0.284729263;6.66316185;0.315764024;1.749284983;2.376353238
389;15.4749524;14.28658356;-1.507062628;-1.005144961;-0.352360336
390;-5.601995864;-4.026880514;0.205569787;-0.117439299;-0.421031492
391;-10.19940243;-0.83586329;1.59722809;0.668505547;-0.990002024
392;-8.594891296;-6.513028724;-3.396063535;-1.082474021;-0.016750277
393;0.240514694;-4.251349095;-0.781352284;1.105967806;1.02857742
394;10.9304643;4.666850363;1.102464641;-0.114153382;0.2473142
395;1.754222828;-0.977268829;0.528745019;1.229148304;-1.256549597
396;-2.47491346;-4.412581277;0.789394404;-0.023296816;-2.060699676
397;-0.84994754;-0.326797309;0.457099506;-0.735105467;-0.25028255
398;5.799364121;5.926025815;0.538833116;-1.340514833;0.532371582
399;3.471438936;0.885865609;0.014643122;-1.373065892;1.021515174
400;8.339523218;2.820083993;-0.916489136;-0.149057094;-0.166236281
401;6.499169669;10.75802977;-1.226815091;-2.006275959;0.445346605
402;2.505987507;2.446209169;0.036152868;-1.559568537;0.974957792
403;8.500571758;5.563883863;-0.421393114;1.962701569;0.414656571
404;0.742246925;1.079271021;-0.899364408;-0.178318224;0.498191205
405;12.10134266;0.642899105;0.417441317;1.357620673;-0.318164393
406;5.221490697;1.478682743;0.153444737;1.648992047;-1.129873789
407;2.184597269;4.274293494;1.463283045;0.119484571;0.93874203
408;-1.454008146;-3.487416312;-1.121502497;0.003620616;0.733702153
409;5.124704662;2.281781274;-0.517788083;0.196443446;0.635259876
410;-1.270218948;1.095789084;-0.074947088;0.679739507;-0.594953622
411;-7.973467046;-4.14047666;-1.407790081;0.801124845;-0.51695952
412;17.73322853;15.24547775;-0.284705868;-2.01520058;-0.393275704
413;1.358001307;1.02675287;-0.708171178;0.047395988;0.312386498
414;3.876761036;1.014197667;-2.147639001;0.613096607;1.675650394
415;4.787094666;2.758038807;-0.283837161;-0.170018481;-0.184885554
416;-2.017180085;-1.009229716;-0.534072164;0.225759524;-2.190485536
417;1.15008296;3.303537067;1.133010194;0.892404141;0.345328323
418;2.586088059;3.36429487;-0.604068923;-0.147613099;0.627086452
419;1.131869513;0.009441384;0.557511596;1.53718231;-1.78473318
420;4.782088223;2.541506428;0.142629293;0.452619355;-0.043327688
421;-1.273307852;-2.905134017;-1.236860215;-1.595694253;0.491423106
422;6.456456154;1.359883067;0.374143973;-0.187165292;0.134652767
423;-6.508856387;-2.390582253;-0.106086123;0.567634468;-2.175147108
424;2.610495225;0.241034736;0.166061987;0.162679117;1.081412236
425;7.948838632;2.025685209;0.658034848;-1.371983013;-0.032278789
426;-4.99201733;-2.410493973;0.11396292;-1.883952512;-1.525504401
427;-4.067488329;3.636509351;1.585159164;-0.068047008;-0.028568946
428;0.968139364;-0.75142058;0.11555344;0.687306934;-0.199917993
429;-11.47886245;-7.395759908;-1.253999039;-0.708000729;-1.736824089
430;14.91539725;6.849486339;0.741864779;0.377677269;2.00042021
431;-3.033437669;-2.581467783;-1.222901615;0.580757739;-0.224111015
432;3.052347822;5.865633102;-1.918894132;0.974626092;1.114619391
433;2.487434097;3.147514935;-0.80993639;0.587452509;-0.963636829
434;0.445643185;-0.87791227;-0.744677229;0.245278779;-1.220407136
435;-8.267888619;-5.124800294;-0.607505923;-1.566003704;-0.43518837
436;8.77871026;4.906039668;1.606759566;-0.508128148;0.101281763
437;9.494530991;3.799150639;1.635599446;0.858278854;-0.238049708
438;0.705255675;-2.931366617;0.726091097;0.451866719;-1.993364308
439;-12.73363977;-10.89319224;-1.273834925;-0.897904237;-1.016537591
440;-5.37530725;1.973604499;0.023146555;0.319011145;0.705682861
441;3.52812686;-1.587121392;0.487121234;-0.093964511;-0.617795737
442;-5.754936276;0.681168902;-0.137027503;1.264308325;-0.473924166
443;-3.991913885;-3.434464098;0.171745482;-0.034009365;-1.885414567
444;-5.470550503;-6.938150185;-0.944793915;-0.38816903;-0.501370986
445;-9.24219535;-7.276852497;-1.287620306;-0.260454832;-1.380023009
446;15.57707351;5.763161064;1.407765739;-0.877434514;1.047762261
447;3.787068703;0.650852766;0.267372689;1.292751431;-0.911065907
448;4.928119117;3.037899272;-0.408397642;0.165187854;0.122863661
449;12.5987713;7.671896996;0.32527122;-0.603207076;0.69934636
450;7.947287393;2.380791213;2.062480973;0.398603901;-0.150607248
451;8.369873199;3.262775836;0.362666956;0.858952125;-0.652846117
452;11.86927931;3.820111124;1.411404645;-0.421912469;1.46431487
453;12.4706228;2.363839672;1.367544315;-0.305488889;-0.282432963
454;-2.153731194;-2.975451858;-0.407176147;-0.059188015;-0.347175154
455;-5.338956347;-0.717460367;0.762541731;-2.001872188;-1.040442073
456;-5.325146814;-3.399230684;-0.651200823;0.155436421;-0.593598681
457;10.1918936;8.893421556;-1.473655779;0.042562228;1.236273333
458;-0.575498644;-1.094655473;-1.201665796;-0.262039199;-0.813285095
459;5.119506307;5.837162117;-0.148720478;-1.021193258;-0.018520772
460;10.952679;6.255112285;1.797062429;1.065357103;1.009227337
461;-1.49800148;-0.017278738;0.104808718;-0.457590838;0.635242052
462;-1.140304009;-0.055417676;-0.802837973;0.135303913;0.108205969
463;20.0629065;6.197950987;0.230374964;2.112787596;0.982419787
464;-2.671100846;-1.34124186;0.697975193;-0.591833695;-1.375629264
465;2.729033405;0.907781592;-1.295201732;-0.668737894;0.325782438
466;-4.615540521;-2.03322246;-1.054680218;0.153878741;-0.958984429
467;-9.376702467;-6.676693437;-1.94160749;-0.285391612;-1.116738126
468;8.971103401;9.215933406;-1.269560593;-0.492696439;0.541584202
469;8.14464743;5.376230894;-0.887438811;0.409771539;0.948378713
470;1.140141424;2.329027662;-0.291915763;0.229356451;0.389265039
471;5.588591365;-0.699476151;1.410094053;-1.074625633;-0.175752905
472;6.494124815;2.179682572;0.88864143;-1.380750854;1.215882143
473;3.792300477;0.545013784;0.27297432;0.598233241;-0.159315814
474;1.696528825;3.646921938;-0.566641466;-0.839468642;0.340673712
475;1.855839344;1.370617208;-0.040206937;-0.95542506;0.629351054
476;3.180506611;2.574899428;0.547612245;1.236218071;-0.525442203
477;-0.390251437;-2.345601989;-0.504033322;0.075984152;1.346411173
478;0.583905767;0.524667437;1.05907013;-0.539572908;-0.474668261
479;2.998238009;2.36998499;1.097453566;0.773538119;0.412534386
480;4.809341403;2.26781198;-1.16650463;1.304300524;0.821965088
481;1.734962875;2.657575662;-0.74691131;0.985109974;0.213867921
482;-1.964142758;-3.444105647;1.206738733;-1.011721511;-1.572423215
483;-3.541750279;-0.73937056;-1.687219881;-0.606029026;0.810546501
484;0.999664174;-5.017269683;0.419709895;0.316726056;-2.866209607
485;-6.465567208;-4.300583995;0.233498762;-1.364691109;-0.004233947
486;13.31985966;1.151729598;3.195901198;-0.38196628;0.218731877
487;-11.02036873;-8.142458187;-2.729680341;-0.014292741;-1.551869568
488;-2.397927234;-1.845834138;-0.840795801;-0.065418132;0.058616852
489;8.344277687;4.014666884;0.674028669;0.223432419;-0.089534481
490;-2.477916013;2.387187539;1.67432651;0.183182167;0.087474783
491;12.45855044;0.336708177;0.839687084;0.890661242;-0.87338955
492;-5.544630807;-1.511455215;-1.428368436;-0.053071845;-1.068548627
493;-7.111126549;0.261891978;2.239388169;-0.829858116;-0.754325249
494;-0.750844038;-1.653276301;-1.757266224;-0.121029098;-0.801510397
495;-10.34294995;-9.693078258;-1.113016088;-0.209658043;-0.958138651
496;-1.667604237;-5.299537211;-0.043140391;0.039589562;-0.987300853
497;27.59143393;5.533689097;2.225586909;1.480990197;-0.914543191
498;3.821430494;2.093028579;0.506316587;0.566660058;-0.239669157
499;7.881275695;3.331766136;0.730396051;1.789580359;-0.705930173
500;2.553228;4.564190526;1.728077595;1.114047851;-0.01766516
501;-13.79522376;1.412019633;0.984779968;1.794074529;0.100002529
502;-11.99931407;-10.32884814;-1.224737876;-1.3645489;-1.314235823
503;4.052037135;4.820514954;0.709726218;-0.707439985;0.77441839
504;-7.993593152;-6.612456164;-0.109219993;-0.556284346;-0.503380281
505;8.641901951;1.996099437;1.782607895;-0.310081094;1.106246928
506;-2.330674334;-0.91059086;-0.24344468;-0.376179336;-1.659129981
507;-6.71881911;-2.06420717;-1.527107022;0.458526008;0.2211346
508;-6.496638484;-5.201885821;0.491834371;-1.261149149;0.879319642
509;-8.140112343;-1.493990703;0.354503661;-0.527465163;-0.191013717
510;1.090299106;-0.134135366;-0.017626348;-0.556814222;-0.992905829
511;7.936951124;6.511200976;-1.056550322;-0.374438726;0.715539664
512;-1.50369325;-3.384886866;-0.838914666;-0.604399981;-0.060997311
513;7.019372888;3.778385258;-0.012625716;1.203127071;-0.316795491
514;10.45359272;5.925321564;1.038110146;0.768873233;1.911384141
515;-1.489433133;-1.719487347;-0.364457714;0.238351023;-1.928106274
516;-6.332131375;-6.1641094;-0.871449472;-1.415028141;-0.535424363
517;19.81967341;18.96273949;-2.704203025;2.933774387;-0.391765723
518;5.348302915;4.43200392;0.494249837;0.935025757;0.246840391
519;11.77303347;3.601073453;0.427340325;1.233884522;0.053160937
520;-0.529469127;-0.746571747;1.30919086;-1.891384722;2.553985617
521;-5.234243272;-0.181138678;1.466722642;-0.222651293;0.018750417
522;0.995427151;5.815184434;-0.143056066;0.768127528;1.734271158
523;13.461868;4.532521989;1.298513726;0.387953658;0.596923504
524;-3.971211246;1.65168663;0.001313548;0.609133032;1.062445121
525;2.64749009;4.553855375;-0.676410076;0.590518608;0.824938112
526;-4.380298586;-3.740893736;-0.848196597;-0.435140753;-0.485571942
527;-4.410950053;0.712596755;-0.3469411;-0.250769898;1.585383966
528;5.326815846;5.184200677;0.227479443;-0.926269384;0.784065081
529;1.45428889;0.966326654;-0.027401404;1.087435803;-0.091811443
530;9.618420868;6.521437257;0.200877791;-1.943959216;0.577136863
531;-3.671667109;-0.322140587;0.198942672;-0.280620438;1.350721654
532;7.778026992;1.802968677;0.714599356;0.812077557;0.114419297
533;-1.533049985;-0.156075477;-0.273181775;-0.207703687;-0.713953804
534;25.13577107;1.863840269;1.635347458;1.45075732;-1.0133466
535;7.269543283;5.941874191;0.437693886;0.841493178;1.26671815
536;-11.5221249;-8.468394979;-1.193535851;-0.865737822;0.066902965
537;-2.78809797;0.043233887;-0.276649804;-0.059877807;0.550444404
538;-0.881528581;-2.153630713;0.515883051;0.011531153;-1.48623052
539;8.751155975;4.094585486;-0.411055332;0.269111451;0.140594934
540;-4.754241002;-2.740935407;0.344995049;-0.528160506;-0.455433018
541;13.99240591;8.676715303;0.434395861;-0.617073841;-0.458855081
542;6.23306489;1.032254244;1.303477683;-0.262372515;-0.66063596
543;3.126594246;3.841923473;-0.651695911;0.912347171;0.699667568
544;-2.851687702;1.543784214;-0.016880862;1.123610587;-0.167959908
545;-1.815767154;-2.262319048;-0.567692455;-0.603519714;0.397335409
546;5.000905311;1.156249871;-1.12713287;0.055323394;0.938384693
547;3.089428544;4.176759454;-1.848970311;-1.000658433;1.216375705
548;9.072077644;5.428092667;0.195529055;-0.758178829;0.725475277
549;2.3996143;0.243063267;0.601565225;-0.611435815;-0.145354435
550;-10.87641659;-5.173686251;0.63915816;-1.316722263;0.111360353
551;1.19216666;1.947955943;-1.389992817;-2.007415017;-0.012860967
552;0.207314215;-2.700667555;-1.129677853;0.768002128;-1.93941245
553;-4.204768778;-2.659409288;-1.141154195;0.405761314;-0.34517817
554;-5.124415852;-6.621210061;-0.6886715;-0.831715879;-0.812589814
555;4.450364707;2.61052905;0.170197818;0.958075773;-0.37543546
556;9.187783395;-0.069537008;0.594483427;1.810719251;-1.599947469
557;30.68433872;31.16322364;-0.815032651;-2.550014485;-2.774701533
558;-22.93316891;-18.98822058;-2.864346837;1.150255081;-1.093281988
559;3.331236344;6.557308339;0.953823482;1.227893654;1.451465759
560;6.819760748;3.267544478;0.615284771;0.152103163;-0.038307363
561;6.437916043;5.213235752;-0.700870701;-0.523083809;0.255465861
562;-3.529699155;1.065373342;-1.073661341;-1.101593364;-1.359128261
563;5.217464278;3.605768079;-0.299991197;-0.879730281;-0.943184521
564;6.160201774;3.257016328;0.108106563;-0.636700258;-1.398079596
565;0.367657956;-0.21146945;0.723200764;-2.105931431;-0.208596914
566;7.217408781;4.58130563;1.390095096;-0.64625836;0.804411596
567;4.368227069;1.671766135;-0.848883398;0.986793426;0.455978361
568;3.165441731;0.877804718;0.290722845;-0.754900146;1.293646683
569;2.267882196;0.519513943;1.334176034;1.565204863;-0.5310523
570;-6.606524709;-5.796008633;-0.901342155;-0.050049261;-0.707455455
571;-5.869638333;-3.252525052;-0.222763413;0.111028706;-2.274156398
572;-6.781807938;-7.389204584;-1.771468028;0.475471046;0.326220427
573;-4.711723362;-3.775177699;0.28742225;-0.939003905;-0.430464678
574;-5.067714475;-5.909238772;-0.641191762;-0.77404562;-0.941809613
575;8.839323332;10.73766349;-0.924937642;-0.423558467;1.353027392
576;6.346832741;-1.554713071;-0.779977469;1.772879494;-0.206103699
577;-2.396354832;-0.920847311;0.444503374;0.426550658;-0.774728793
578;-5.968019014;-3.179830691;-2.162469003;-0.094470173;1.252495469
579;-4.102737156;-1.084617222;-0.4255109;-1.116595434;0.584212779
580;-6.69526812;-5.841623819;-1.013717659;-0.087435147;0.882970535
581;-2.843028725;-0.875250695;-0.962119028;0.39252609;0.856337236
582;-0.493132419;-1.995510857;0.474634627;-0.360622169;0.014138637
583;11.23249607;7.202565146;0.35175427;-0.887984362;1.311530492
584;9.532326079;5.504070927;-0.107020356;-0.946416554;0.958749163
585;0.333716892;2.935711311;0.537517257;-0.219911556;-0.230403383
586;2.936112126;3.063853083;-0.602104898;0.342220117;0.569303123
587;21.15838338;15.296298;-2.023297645;0.969924129;0.932291358
588;-0.97605345;-0.873303268;1.154421281;-1.33545314;-0.250116434
589;-4.317432665;-4.997063411;-0.230692998;-0.800879475;-0.319524631
590;-5.771066395;-6.284590358;-0.365088768;-2.046796344;-0.805066789
591;1.953481824;2.795090181;0.157517929;0.110056218;0.359661314
592;3.558261985;5.534974353;0.765932223;0.716100374;2.501652368
593;-1.504292442;-0.032018815;0.426086966;0.254120602;-0.289144914
594;15.34533116;5.961069096;0.9272654;1.228762188;1.25995032
595;-0.398439182;0.937203281;0.046134593;0.583404006;-0.643360059
596;-7.356474091;-6.588769761;-0.504285643;-0.587124774;-2.271427014
597;2.823354899;3.870213161;-0.300449408;1.446665358;-0.147792482
598;-9.136085433;-1.272669881;0.822915979;0.443394035;0.166574449
599;3.089883779;3.156019354;-0.849268796;0.577946886;1.338786231
600;-1.65805481;-2.027000247;-0.953610096;-0.921834964;0.892730069
601;-0.99943602;0.859203107;0.313478716;-0.249326705;-0.800333037
602;-3.279950955;1.688413604;0.612473307;-1.221898646;-0.222937047
603;-3.453796919;0.368394928;-1.691083228;-0.072539646;-0.740702207
604;5.032714501;2.204835798;0.784698627;1.364901245;-0.993979746
605;-4.666103983;-0.68324155;0.011925135;-0.45753102;-0.990847583
606;7.933316401;1.367305717;-0.181255288;0.065200219;-1.264383275
607;3.148232921;0.451020798;1.106954402;0.783980336;-1.162217287
608;-7.629277401;0.180561336;1.479394871;-1.587708073;2.297777632
609;-0.032646454;3.904674032;-1.147399441;-1.369364313;0.568710129
610;-4.144528884;-4.838886685;1.011654377;-0.927519803;-0.886216783
611;-2.511657158;-3.861834335;-0.632069195;0.30084156;-0.037816945
612;11.7596914;2.726042789;0.13236132;0.080468946;-0.111925575
613;1.951031654;2.044777151;0.480926065;1.246746831;0.582546553
614;-3.323773951;-1.283483313;0.133177628;-1.2344491;-0.890605403
615;3.057167247;4.203507826;-1.462864462;-0.439069294;-2.121941428
616;2.070427279;-1.81103933;-0.50640178;-2.101593953;0.822543245
617;-0.105188344;5.874297048;1.539663237;1.618756171;0.769309893
618;9.112896603;2.266714405;0.172793618;1.084328491;-0.371488799
619;-5.483985031;-4.050151411;-0.835823924;-0.640800907;1.743817351
620;-0.206131857;-4.376516212;-0.655928704;-0.252819826;-0.449175396
621;8.071289879;6.215275006;1.057566087;-0.134829273;0.442521625
622;13.71509791;0.373765021;0.34608349;1.795355992;-2.174042086
623;10.53577783;5.604923089;-0.897186542;0.038396717;2.121028409
624;3.972685308;3.147855431;0.006265211;0.412998289;-0.068560174
625;16.08436643;2.831520695;0.596670509;0.699572123;-1.393145095
626;11.16427715;3.582546477;1.722551808;0.689790945;0.517286498
627;-1.246005604;5.190751997;-0.881749483;-1.671059465;0.205056537
628;5.446929281;4.202804513;-0.379945955;0.740048308;1.708684262
629;-4.531350688;-2.602015786;0.996110016;-0.924124899;0.314132286
630;-0.138528017;-2.986118411;-0.459120893;-0.031688573;0.797083999
631;-6.156271124;-13.38830705;1.460265746;-1.927792982;0.009890525
632;13.00015446;5.791015249;1.043246177;0.21430303;2.028395978
633;-1.512470926;2.194834711;-1.65904097;-1.005038866;-0.523797774
634;-14.16618714;-16.15438079;0.423957776;-2.178953492;-0.434142711
635;-17.77797381;-16.34095979;-1.419162926;-1.672549131;-0.34767852
636;7.831200685;8.258957098;-1.464692457;-1.420722136;0.96949926
637;10.1696767;5.54671393;0.070420972;0.550531639;1.098833902
638;3.701565595;1.519998551;0.056698222;0.310433177;-0.34581963
639;1.989281442;1.27779261;-0.032708177;0.685073913;0.33259893
640;19.2444913;7.975170798;1.264281224;-0.531910491;1.936329739
641;8.668345041;3.791005038;0.294987886;0.18178546;1.95547984
642;3.79443736;4.744338072;-0.673086821;0.411596178;2.608014525
643;4.44291126;2.238879112;0.119588291;-0.085059049;0.039498478
644;-4.147406625;-2.351627349;-0.514396509;-1.106706204;1.55670125
645;-0.060204815;1.768659922;-0.068111574;1.129133596;-0.240678837
646;8.630250838;-0.632826058;-1.148011912;1.668015624;-0.612962423
647;-2.743166868;5.474150524;-0.11524448;2.019102926;0.702749341
648;-1.437236637;1.466232635;0.102936392;0.892548036;0.119503382
649;-2.372741941;-2.100978687;-0.701743487;-0.187204683;-0.762049327
650;0.811919244;2.773202072;0.041230624;-0.127697416;0.127891897
651;2.830627459;1.060609186;-0.648768351;-0.30533014;-1.135170565
652;-0.571018391;-0.412364567;-0.644007859;-0.262866838;0.075273143
653;6.286668434;3.913304824;-0.204438825;-0.051468644;0.252662117
654;13.25721587;8.873616847;0.490840918;-1.97266336;1.492430588
655;13.09526825;9.242864817;-0.205336987;0.01122825;1.00548232
656;5.277589604;1.148576817;0.190691324;0.235344857;0.299961523
657;10.51305733;5.249496924;0.970024193;-0.950369854;1.72589212
658;3.611738563;2.800779058;-0.285261078;-1.757147975;-0.452489183
659;-7.128902683;-2.751329185;-0.103619269;-0.359960651;-0.091125086
660;18.04139013;20.12768717;0.511254541;-3.121589558;-0.804537486
661;-5.715517757;-1.164371462;-1.25816245;1.672547112;0.389967288
662;1.95496692;-1.51123164;0.543825969;0.690549816;-1.036978874
663;-2.712457205;-0.721788078;-0.534963587;-0.97667032;0.429763961
664;-0.577563927;-0.144735959;-1.138046027;0.015134176;-0.393529976
665;0.228488382;0.423039679;-1.768003771;-0.165454175;0.146983277
666;-16.58262083;-15.76237002;-0.714978203;-1.660213369;-2.21914298
667;1.243457496;0.216298883;-1.170202264;-0.87843438;1.326803854
668;3.779512222;3.512813242;-1.178448148;0.965815839;-0.744939063
669;10.51111156;7.468486761;1.627291338;-1.155821307;-0.579634475
670;-9.093223636;-4.246796265;-1.212146666;-0.751395712;-0.960567906
671;-3.351791038;-1.769728335;0.997509917;-0.745084356;0.482994871
672;6.562500244;3.787244024;0.545245641;1.227052485;0.042624043
673;6.536502848;3.889042721;-0.884789115;-0.190857994;-0.859069532
674;-2.688217714;-1.385188251;-0.611230698;0.554310746;-0.224730302
675;6.39844827;1.342423153;-0.410199513;0.771433127;-0.331148237
676;5.249095927;4.314655207;0.19040937;-0.3800668;1.043134224
677;-1.251120746;3.408830286;-0.348324929;-1.128551388;1.127481448
678;2.454879074;5.514430827;0.82684753;0.170101777;0.862460063
679;-3.729553452;-3.224745812;-0.292686902;-0.358542332;0.37563652
680;-11.45558023;-13.35325018;-2.16534621;1.442938491;-0.388671396
681;1.682901057;-2.552489215;-0.096216776;-0.519946863;-2.014733278
682;-14.390446;-9.677159573;-1.851956846;-0.310642094;-0.243283946
683;4.93040411;3.959689019;0.937811135;0.682737465;-0.00161769
684;1.002131874;3.78758654;-0.747686481;-0.66357842;0.736614674
685;-3.437840095;-1.756224316;-1.115241436;-0.017950549;-0.304431271
686;4.53470085;-1.118111116;-0.591506415;0.496591017;-0.971594241
687;4.076408;-1.113201936;0.585230684;-0.404274701;-0.066739086
688;-12.40117441;-9.439887699;-1.918558199;-1.21164881;-0.030248288
689;6.568487163;1.665910036;0.253816792;0.312743717;-0.208457975
690;0.007537301;0.146488804;-0.972241766;-0.279861864;1.365578056
691;-6.642153212;-5.356875325;-0.008513448;-2.019855135;-1.084540411
692;11.81928723;2.580774564;0.679041911;0.269578863;-0.84956695
693;5.070762332;2.984645433;0.569631367;0.131799251;0.380072129
694;1.297400593;5.840838558;1.502961661;-1.67877127;0.166152477
695;-7.07843561;-2.667105614;0.129085401;-0.525879503;-1.613907987
696;-10.88613086;-9.855009697;-0.701182952;-0.175124623;-1.65289741
697;-1.140467261;1.523001096;2.153707216;-0.556630763;-0.126529171
698;-3.448240016;-3.556285716;-0.303246138;0.551848409;-2.325152734
699;2.431150542;1.462378278;0.807579777;-1.576051513;0.492248871
700;4.193778338;0.687420194;0.930991466;-0.954292772;0.195094103
701;9.184101425;6.738636349;0.454902098;-0.449863425;0.769882477
702;4.693793538;5.900289435;1.42542069;1.443906395;0.404833023
703;-3.100184532;0.513611349;-0.208991173;-0.155254089;-1.053287185
704;-4.932861876;-2.737590989;-1.231402779;-1.021718908;0.273334107
705;8.342474744;4.887654182;-0.360603577;1.538469747;1.272352789
706;-2.172083854;-1.960778681;-0.547213299;-0.231175974;-1.130866834
707;-3.377024343;-0.976892823;0.327996008;0.551923862;-0.21120113
708;-11.15933303;-1.686026797;-0.933299832;1.121794037;-1.60820715
709;11.0345096;4.390443693;0.680810825;0.409545392;0.005835903
710;7.967833195;6.784411392;-1.1638824;1.300261526;0.644321818
711;5.057573475;1.658606587;1.75544951;-0.790921272;-1.194917334
712;18.61186402;4.847373552;1.449637364;1.598619454;0.286210729
713;4.36235471;5.124155864;-0.448794941;-1.822900274;-0.606505906
714;-2.551452308;-0.719795958;0.140067289;-0.975363114;-0.743953527
715;2.094644627;-0.977906118;-0.373650328;-0.586460659;-0.081691319
716;-12.77404029;-6.855500986;-1.206434117;0.233109552;1.555131175
717;11.67271719;14.02726536;-2.661345975;-0.473448625;-0.836517287
718;-1.315320971;-1.177962156;-0.025094493;0.583110981;0.585776956
719;7.301844228;4.736769302;-0.034373257;0.420029447;0.160895932
720;12.62420616;4.228268156;1.642359039;0.678860909;1.341371913
721;-1.483939152;-1.415047874;-1.995462148;1.482461025;-0.893840083
722;-0.017319826;1.163593654;-0.662170759;-1.425284038;1.125052681
723;-2.825295301;-0.444404408;0.880037992;0.969974981;-0.035995269
724;-5.37505333;-2.150145309;0.34238742;-0.265465768;0.304578896
725;-3.835260877;-3.568804133;0.121753856;-0.803105551;0.33841005
726;-18.42787776;-14.26419668;-0.620761035;-1.777034102;-1.236272616
727;-2.465949195;-1.740713922;0.200945268;-0.849036892;-0.210274552
728;1.088403179;-2.589005536;-0.235905348;-0.299478219;-0.82488722
729;4.73050099;6.700128937;0.113661115;-1.940244479;0.289210088
730;-7.891898925;-3.93770848;-0.577929195;-0.360032788;0.930422992
731;3.160589961;1.241215096;1.188564886;0.510106187;-0.092410513
732;-7.886534926;-4.38555774;1.059936278;-1.297970419;-2.329874558
733;8.885291053;-3.969110068;1.336758211;-0.004847402;-1.585917865
734;-0.48532129;0.143615741;-0.367169171;-1.344852235;0.601831465
735;8.135091978;0.905967527;-0.304336705;-0.051684185;-1.22132446
736;-3.348516907;-0.233002815;-0.350279624;0.894849793;0.912494113
737;1.093114586;1.411802091;1.374144763;-2.179882273;2.044973525
738;-8.058718465;0.731396911;-0.299720492;2.306416432;0.175537784
739;-7.819824827;-4.272452267;0.097635144;-1.167750356;-0.048698241
740;-6.583743248;0.810609822;0.381188029;0.940429719;-0.995420318
741;18.4332699;4.211340199;0.678212557;2.079101596;-0.036801239
742;-6.31292494;-4.909763072;-0.267673272;-0.943824023;-0.694636341
743;-5.928898019;-6.340186887;2.345965664;-0.675454145;-1.063123206
744;1.919582682;1.533825091;-0.927494656;1.021650328;-0.569773124
745;-11.60283983;-8.189519636;-1.426557174;-0.817503431;1.253872432
746;-1.865192097;0.038415981;0.042302664;-0.957120734;0.568762746
747;3.430192929;2.070671136;1.76744347;1.58111928;-1.123405912
748;4.505982214;1.457409858;0.052750327;1.766442801;0.424363705
749;6.212221907;1.643618339;0.10972604;-0.227035159;-0.366244588
750;4.09563703;0.425182339;0.863202616;2.281110195;-1.280224023
751;-7.902837121;2.451599946;-0.098973205;1.903747217;0.521956708
752;3.098902203;1.981153714;0.103696546;-0.068621537;0.182090294
753;6.632366401;1.101281318;1.208484876;-0.813859139;-0.485474387
754;-1.406242952;-5.325947582;0.093746021;-0.673255314;-1.43620872
755;-11.28825261;-4.676550473;-0.752196519;1.402030463;-0.615142068
756;8.403476723;4.106698406;0.39492422;0.540016608;0.754775702
757;5.854267985;4.69039012;-1.091520434;0.642274169;0.87629473
758;8.756202522;8.615074712;-1.458292425;-0.012719765;1.841925197
759;13.41260466;9.144182599;-0.122712285;0.182879553;1.7645407
760;2.24861594;6.639008577;-1.100929192;-0.48851458;-0.793763036
761;2.203745395;3.710268793;0.580923072;1.135236736;1.390170978
762;7.323557864;0.943904384;-0.146947489;-0.326051022;0.032787287
763;-0.121950966;-0.235660488;-0.766334615;1.991862534;-0.701737098
764;-9.49000115;2.637290419;1.622897579;0.586772894;-0.108912286
765;13.75115974;3.74434056;-0.109940544;0.988333224;-0.303866821
766;-0.757554108;-3.089895412;1.421704854;1.475623935;-2.307109462
767;4.955438276;2.625687831;-0.113421049;-0.04695338;0.159949655
768;-13.63675023;-10.05220141;-0.329280942;-1.767531099;0.823977388
769;-1.612654677;-1.065111002;0.373460984;-0.609633972;-0.621574499
770;-3.543167142;2.864944954;1.029888131;0.593256912;-0.238644162
771;38.00700327;4.662803087;2.705775047;1.20338722;0.211614224
772;7.807430832;4.494873701;-1.034945871;0.208256827;-0.135080325
773;0.255540385;2.36091246;-0.183429859;0.839139359;1.612148666
774;12.466271;4.074673817;1.077771307;0.943041434;-0.99762773
775;6.46066546;2.886089037;0.341620225;1.028093119;0.475290745
776;0.317682084;2.191951619;-0.187343624;0.747563844;-0.152890088
777;-5.707450959;-7.993571941;-1.302859109;-0.191427065;-0.813293603
778;4.63282103;-0.076805083;-0.278658262;1.024690165;-1.950272015
779;4.840296903;2.647569395;-0.184753908;-0.504221975;-0.290140913
780;9.774615091;4.156298215;-0.081777497;0.348548859;0.911473753
781;7.231578705;5.307076932;1.612241794;-0.509373875;1.312162065
782;5.823400676;4.280777028;-0.46193984;0.477824457;-0.721069574
783;3.981119624;0.72096753;-1.576050301;0.500985396;0.518097084
784;2.871019032;2.758415223;0.496433074;-0.105580517;0.962111804
785;7.189904408;3.187673223;-0.111953784;0.027308739;0.625071513
786;-10.77468617;-3.668638661;-0.2043464;0.433715805;-1.086692957
787;-5.921089217;-4.838766748;0.635568163;-1.131064484;1.635357667
788;-21.39544514;-20.19457284;-2.906673954;1.020686901;-1.125272839
789;6.757586284;5.377560883;-0.553658253;0.26927429;0.641654779
790;5.013208047;3.093916755;-0.153451828;0.548548641;2.00798888
791;3.396667014;0.790194585;0.605290516;-0.169421162;0.73036578
792;-15.87700408;-15.31101765;-0.261006596;-1.87844025;-1.440934953
793;4.808298566;4.390658874;-1.005138462;0.748307195;0.417947508
794;3.0996347;-2.84175985;0.372566114;-0.26010014;-0.979692181
795;8.146327135;4.452784345;0.019446177;0.618260659;-0.267828306
796;4.947547325;0.964611276;0.110528815;2.047936962;-0.509295866
797;13.20916869;8.060125523;1.156570437;-1.155624838;1.065230809
798;4.794925299;1.830379101;-0.54222046;1.352941407;-0.551404512
799;-6.553578522;-4.920825345;-1.249201283;-0.367521982;0.752582901
800;-1.493938162;0.29397268;-1.280012597;-0.058310463;-0.080331109
801;-1.223038164;0.161065692;-1.023932788;-0.532218092;-1.346322816
802;-7.360165403;-5.202123735;-1.38765058;-0.498500477;-0.659215275
803;-1.763799902;-2.031663518;-0.049221114;-1.150139578;0.382362567
804;3.110232516;4.344826412;1.81096073;0.126240923;-0.72900832
805;7.11575094;3.750939805;-0.099510066;0.472863899;0.478461013
806;6.673968156;2.327218264;0.777237124;-0.186525215;-0.319023615
807;1.539829785;4.324967032;-1.102596325;-1.61928645;2.567280303
808;2.104829946;0.194653267;-0.221644783;-0.402759046;-1.102478905
809;-4.629714751;0.560803432;0.566094963;0.412812242;-0.387023762
810;-8.929589831;-7.957530595;-0.354959345;-0.720719404;-0.61292663
811;3.237825397;1.594002427;0.785262601;-0.59006523;0.749520733
812;7.582379811;4.544980913;0.694047379;-1.169626618;1.137146569
813;5.974818882;4.543804092;-0.632729896;0.591456646;0.971941174
814;-3.783009191;-5.171901606;-0.771958642;-0.668638949;-1.163902789
815;-0.070442682;11.3096169;2.357817388;3.167937647;1.676696513
816;2.344967071;-0.970232526;-0.192549336;1.013039417;-0.758410453
817;8.407851491;5.011725877;0.006619334;-0.16598732;1.616288791
818;9.230066279;3.618690236;-0.054546025;0.002416472;0.157622318
819;3.187902585;0.073218061;-0.568206881;-0.717301983;-0.380772736
820;4.457403888;4.521108675;-0.926975944;0.281338028;1.512811228
821;-7.092901251;-2.978165843;-1.135735181;0.007281897;0.967025739
822;6.653356173;5.358416295;0.913962339;-1.729700226;1.251860806
823;-12.64077646;-12.5537759;-0.986062833;-1.843473616;1.022133735
824;6.533738537;3.922917619;0.667485413;0.601203031;1.046018095
825;-15.25301757;-10.58166621;1.40659549;-2.317937571;0.332113697
826;-1.141718347;-3.056182584;1.15777896;-0.380312074;-0.112666568
827;7.162510015;1.346966752;-0.138753198;1.6551649;0.101764858
828;8.886462618;10.21535482;-0.539321851;-1.662855049;-1.140433589
829;8.239838152;2.590359091;-1.078893499;0.294729666;0.61573345
830;-4.407808094;0.341122221;-0.01856214;1.569901439;-1.38708742
831;-0.014831819;-0.18098547;-0.232615686;0.511946897;0.122856559
832;9.485953715;2.396909475;0.156293543;1.285902401;0.160504273
833;0.856188638;-0.587572295;-0.604009755;-0.967514754;1.217753336
834;-1.102451888;-0.946853231;0.62903512;0.632389355;-1.79456754
835;9.097481236;5.340985444;0.714169571;0.183078668;1.151305851
836;23.16899023;5.981153853;1.075886101;1.350116117;0.639369953
837;7.61384917;6.90175274;2.249755517;2.487327671;-0.272066797
838;6.608503551;2.760998467;0.197890599;0.114661697;0.034637612
839;-4.10229117;-1.37306722;-0.575546318;1.095740364;-1.395798344
840;2.0862639;-1.673329357;-0.077320865;-0.402709871;-1.848254228
841;3.963479916;4.121841143;-1.627919889;-0.359069714;-1.322825733
842;6.638701097;1.712572388;0.129923154;-0.55278823;0.082199875
843;-7.363387947;-2.052414261;-0.425673133;-1.35467498;0.479922888
844;0.361523665;-2.306276861;0.406011749;0.073338862;0.260542054
845;-4.998991171;-3.454895051;-0.268810186;-0.03898853;-0.674805466
846;5.991800321;1.293724336;-1.380984536;0.721869884;-0.766928974
847;6.096348118;-1.134283742;0.036583321;-0.214918958;-1.235531302
848;-0.356122819;-0.560253181;-1.353244531;-0.915584934;-0.023812878
849;-1.656876279;-2.937290911;0.897006194;-0.128438541;-1.072849311
850;20.35845258;7.392031065;-1.829359712;1.840210488;0.701691869
851;7.098248948;3.163688337;-0.141876944;0.450531256;0.796008457
852;-1.359174497;0.7167226;0.457981778;0.274793678;-0.049371436
853;9.342832835;6.189396887;-1.519617513;1.056376418;0.249174286
854;8.291526272;8.348872243;1.399055315;1.792054279;0.943974957
855;4.426179818;4.962567195;-0.885339191;1.710819216;1.502208304
856;5.832668054;5.735536955;-0.506330291;-0.431428934;0.121390426
857;-0.551816165;0.03284974;0.163332106;-0.079276864;-0.401281159
858;6.950390785;6.553608569;-0.337143856;-0.363225045;0.980766521
859;-3.260956225;-1.135914479;-1.035951532;-0.200990473;0.630699396
860;2.29649978;3.264200308;0.409337928;0.45128193;0.792951573
861;2.766492181;5.188790004;-0.524223458;-0.479941985;1.508646312
862;-2.104670859;-3.676569519;0.506500374;-1.16552518;-0.700477952
863;2.689860622;-0.555041644;-0.504722863;-0.238943971;-0.411175936
864;-4.199572264;-3.778063546;-0.957250329;1.449834652;-0.741966663
865;7.039441819;1.995137529;-0.094634358;1.852873872;0.154691347
866;-4.990555027;-5.484268248;0.649439318;-0.403231504;-2.506574524
867;10.06819309;5.299542203;0.242321799;0.826968316;1.311767809
868;2.647051636;1.112143253;-0.05893409;-0.129134902;1.045117916
869;-7.93061129;-5.292176683;-1.947794072;-0.121526887;-0.013709223
870;2.663687697;-2.414578358;1.451443632;-0.674273285;-2.025710624
871;-4.611452926;-3.220008591;-0.039939678;-1.578433799;-0.154170265
872;2.034947508;4.796979647;-0.863997691;1.802076396;0.678548499
873;12.07796488;7.081943699;-0.20169024;0.801116814;1.847935914
874;-2.010320254;-1.716896337;0.261255563;-1.792264728;1.853269002
875;1.846554183;4.075402932;-1.518351383;-0.347418726;0.006561621
876;-0.583079822;-1.00620831;0.717308632;1.554315929;-0.883989085
877;4.851036854;3.929973329;0.246832728;0.106492793;1.475153888
878;14.49331992;3.563302242;1.202767046;0.192508921;1.373569121
879;1.715714515;4.978319114;0.98603927;0.849227967;1.332624646
880;9.291290654;3.890649657;-0.537940599;0.990514612;0.981869009
881;-2.384535474;-4.888259596;-0.490282742;0.627582212;-2.587883213
882;-2.681431597;-4.555595722;-0.995516173;0.415215486;0.077505897
883;2.840986017;3.443027381;-0.361702928;1.474939065;-0.491665326
884;17.15517946;4.741670511;0.944354811;1.709472074;0.375315408
885;11.89838951;4.812732656;1.792207012;0.228359602;0.554152857
886;3.225645366;2.350817496;0.928409396;-0.208116882;0.400410469
887;-10.41182314;-9.322416813;-1.82993767;0.012145755;-0.297629112
888;7.23649509;1.517287464;0.821878106;0.349722663;-0.112563338
889;8.958467825;5.959688967;1.036268762;-0.677644642;-0.301449329
890;7.828498485;4.728499649;0.617420144;0.642182679;-0.269897535
891;-9.410195711;-9.177551671;-0.854930363;-1.289438035;0.37252228
892;18.05759419;4.003800999;1.064510518;2.226067255;-0.715220681
893;-13.69622183;-15.18356863;0.729481458;-2.483419359;-1.272663281
894;11.18180791;4.324642448;0.662656584;0.172834279;-0.356015682
895;-11.72705226;-4.831404798;-0.381407203;-0.058904148;-0.847629083
896;7.07198421;2.436747404;0.845891778;0.547452297;0.489068555
897;2.050977627;2.426880651;0.111591884;-0.410473602;-0.57392321
898;-16.59998609;4.456853367;-0.067770262;2.40240516;0.718832007
899;12.21730027;-1.11039936;1.487098097;-0.144220939;-0.686816436
900;4.321765307;3.110398392;0.757223377;0.023396443;0.160214989
901;-10.00703569;-9.626381946;-2.874042493;1.124121941;-0.541267836
902;-1.103212735;0.919195399;-0.426542449;0.69777449;-1.161537592
903;-5.937573312;-4.896884153;-1.487406296;0.180907479;0.228993154
904;0.34248995;0.606568756;0.588791646;-0.16960283;0.197504272
905;2.708125383;0.776511461;-0.442599511;-0.234528047;1.570253024
906;0.731623286;1.180165356;0.901304802;-1.354930693;0.375081535
907;4.241688579;1.785671097;0.46782834;0.629956079;1.157925602
908;6.044969737;3.51046785;0.022040319;0.447270153;0.863279362
909;18.89634089;11.818121;-0.085107832;-1.044041858;-0.24415972
910;3.091404081;0.699674773;-0.361267143;-0.187285575;-1.542439855
911;3.706801169;4.971850383;0.199506502;1.28729087;-0.164074885
912;0.257945267;-2.659635869;-1.108254255;1.274092813;-0.58078967
913;5.827167644;6.532577697;0.67279407;-1.221161358;0.480970555
914;-1.51245546;2.281145548;-0.394113633;0.802021907;-0.18710493
915;3.970422322;2.440333349;-0.743967586;0.126830701;2.083147198
916;0.990143282;-2.235300351;-0.326113477;0.388514857;-1.425391058
917;-0.389715925;1.147111232;1.874668827;-0.872196173;0.610881197
918;-0.356579923;4.642482775;-1.757999145;-0.20708699;0.702230577
919;-7.825880875;-7.2753842;-0.34886091;-2.058412689;1.137200662
920;-6.637472371;-5.025636184;0.106589229;-0.739123317;-1.337791066
921;-3.074488763;-1.832828125;-0.537658781;-0.306622124;1.036916697
922;-2.226198109;1.564755285;-0.411269132;1.303417634;0.411463616
923;-6.368479489;-4.064540397;0.382348338;-1.058659855;0.229975465
924;0.429344398;-0.7512415;0.222514089;0.301720186;-0.333738331
925;-3.905149676;-7.556470978;-0.673754508;0.089973187;-1.844036686
926;-6.352481527;-5.188106389;0.567432914;-1.363392251;-0.955925406
927;-4.194064446;-2.065981789;0.179483655;0.282523871;-1.421681236
928;13.74907527;4.026012867;0.686341749;1.58069945;0.715729329
929;4.34772228;5.287620937;-1.327263661;0.940040246;-0.016093977
930;6.682105386;2.902639509;-0.767916438;1.131430232;0.301947558
931;-1.561082098;-1.749502406;-0.192702509;-0.213695901;-1.389934031
932;9.521848913;5.410120855;0.959051198;0.957838905;0.236205619
933;5.625868845;5.403306135;-0.529031362;-2.37080963;0.822262421
934;-4.396197611;-2.504270769;-1.032886991;-1.253258609;-1.389623382
935;6.444929416;1.796597975;0.77174549;-0.174847952;-0.188459306
936;-1.28908433;-2.479876869;0.465356664;0.108511593;-1.193339126
937;-2.574901992;1.897700537;-1.225671067;0.516920454;0.443631455
938;12.52803087;5.389448666;2.04667724;0.721634386;0.64085781
939;-1.86840309;2.212762718;1.498674449;-0.459943833;0.730374003
940;-13.09441638;-9.418500314;-1.388949085;-0.481611547;0.844186418
941;14.43275065;5.511164638;2.153376464;-0.349275322;-0.885847104
942;-5.901517988;-3.942365369;-1.729116741;-0.561765972;0.859547258
943;10.53523584;6.806458952;0.102042485;-0.124702698;0.531830605
944;-3.418507168;-1.760616789;-1.141279127;0.877552328;-0.125864088
945;3.275678621;2.976132975;-0.377009088;0.463346914;-0.560021986
946;-2.76340121;-1.650417645;-0.348782099;-0.439365336;0.874171816
947;-1.276740583;-0.165437383;0.322885081;-0.692417292;0.404154564
948;-4.543866013;-1.288379279;-1.124339618;-0.104452794;0.459703026
949;-9.218329561;-6.35954686;-2.757049722;-0.207999913;-1.542439115
950;0.670123903;4.966860781;-0.095811099;1.219308412;0.987170846
951;24.33902679;22.45673521;-0.746699805;-2.270435699;1.570475902
952;-2.910169863;-0.602242294;0.210781418;-0.973452669;-1.089444939
953;-1.660012541;1.286014444;-0.848509809;0.621190259;0.896358442
954;5.277158187;-0.426055061;0.792264766;0.662561672;-1.129108931
955;-7.847401708;-5.630996186;0.029187433;-0.650990249;0.670921427
956;0.985053417;0.671393477;0.603388012;-0.208737069;-0.478725347
957;-1.830197047;3.041980038;-0.994940105;1.796911647;0.867190749
958;3.573702739;4.31382136;-0.211332458;-1.098778415;-0.751104348
959;3.72915068;5.387852151;0.344021087;1.777742092;1.443938207
960;3.658512653;3.054890702;-0.089378529;0.316944408;0.787827786
961;3.997163337;4.745567262;1.654037467;1.049576422;-0.820152719
962;-7.619651899;-6.985718773;-1.962908713;-0.526280785;0.657122521
963;-4.056435122;-7.326983088;0.756125511;-1.120212536;-1.713834319
964;-1.072127776;-2.078727144;0.014418658;0.398259494;-0.445476737
965;6.312822046;1.203463929;0.945713804;0.421306803;-0.280832581
966;7.183744326;3.047478383;-0.098808492;-0.425153649;-0.23267369
967;8.368293512;7.630359521;-2.739754243;-0.876991006;-0.438450021
968;14.19162606;4.18665773;0.420305849;1.299996604;0.51353257
969;-5.057974555;-1.811380501;-0.218379262;-1.336786756;-0.084908576
970;-4.86378346;-0.614618407;-0.98935533;1.42924243;0.079189724
971;-2.594192539;-0.391667555;-0.656468896;-0.59469312;0.004597359
972;-0.506501031;1.198071331;0.055663548;-1.882686458;-0.208943227
973;-27.98578756;1.720684036;2.452063445;2.180311232;-2.072763397
974;6.509169412;3.198577342;0.188173574;0.378777279;0.581806665
975;-5.808497469;-4.25845161;-0.979696368;-1.069312829;-1.182491185
976;29.56081487;3.332966794;1.903610468;-0.375144982;-0.223157057
977;-3.245800191;-3.664453181;-0.438519782;-0.794797718;0.173447616
978;-1.161776587;-1.745669746;-0.829726096;0.315122869;-0.739403831
979;-1.722452216;2.016580864;-1.247231319;0.133939386;-0.021218024
980;-12.4078941;-10.35216101;-0.673809163;-1.240551576;-0.45663114
981;4.206610685;3.343122146;1.935167264;0.256480537;1.02030371
982;2.072171299;4.479748224;0.906561435;-0.674070207;0.847816981
983;-0.941343438;-2.244369682;0.736526771;0.633227354;-3.200732317
984;0.060642164;-0.511442769;0.146625304;0.602364873;0.446768767
985;6.666132522;5.33855895;0.283120797;-0.034033687;1.18774004
986;-1.43782886;1.69079733;0.589276721;-0.789706361;1.679322888
987;-1.099775099;-3.405443005;0.215849477;-0.470435554;-0.710943781
988;-6.520002279;-4.557107219;0.155053235;-1.012818138;-1.994469404
989;14.02704415;3.415023698;0.953826636;0.83355327;0.800871968
990;8.506440251;4.390752967;-0.165852702;1.354023562;0.52113181
991;1.555145207;4.55797268;0.255003746;0.050072712;1.32941815
992;-7.371012961;-5.591715761;-0.897472359;0.336880756;-0.175885924
993;7.685919261;5.075186154;1.583970105;-0.208998873;0.599121035
994;-4.510314966;2.505734655;1.392758628;0.218459988;1.632078936
995;3.698004611;-2.380882305;-1.812258232;1.873475208;1.635172598
996;-0.733663661;-3.943507218;-0.216319679;0.261721805;-1.966713048
997;6.013788749;3.131334633;0.549856057;1.334694519;0.710681937
998;5.746335841;1.012145619;0.482736238;0.247746646;-0.37673532
999;-1.923386991;0.552784526;0.760848729;-1.375784861;0.289356024
1000;-4.29852921;-2.868158978;-0.445658017;-1.190539782;-0.575494651
